,.html,.java,.py
0,"""",.,'
1,",",(,.
2,:,),(
3,.,;,)
4,0,",",","
5,=,=,:
6,(,{,=
7,),},""""
8,<,"""",-
9,>,import,%
10,/,*,self
11,{,@,#
12,},/,if
13,-,public,s
14,;,return,/
15,time,>,return
16,size,org,[
17,volume,private,]
18,open,\,writer
19,close,new,in
20,high,<,print
21,low,String,+
22,120m,if,def
23,period_id,NonNull,\
24,close_time,final,for
25,t,this,{
26,vwap,+,name
27,rsi,void,}
28,rsi_avg_gain,static,add
29,rsi_avg_loss,-,path
30,ema1,int,1
31,a,:,field
32,sma2,null,not
33,sma1,thoughtcrime,import
34,function,securesms,property
35,n,context,0
36,e,util,os
37,[,!,>
38,],0,line
39,',android,*
